Campaign_ID,Company,Campaign_Type,Target_Audience,Duration,Channel_Used,Conversion_Rate,Acquisition_Cost,ROI,Location,Language,Clicks,Impressions,Engagement_Score,Customer_Segment,Date
1,Innovate Industries,Email,Men 18-24,30 days,Google Ads,0.04,"$16,174.00",6.29,Chicago,Spanish,506,1922,6,Health & Wellness,2021-01-01
2,NexGen Systems,Email,Women 35-44,60 days,Google Ads,0.12,"$11,566.00",5.61,New York,German,116,7523,7,Fashionistas,2021-01-02
3,Alpha Innovations,Influencer,Men 25-34,30 days,YouTube,0.07,"$10,200.00",7.18,Los Angeles,French,584,7698,1,Outdoor Adventurers,2021-01-03
4,DataTech Solutions,Display,All Ages,60 days,YouTube,0.11,"$12,724.00",5.55,Miami,Mandarin,217,1820,7,Health & Wellness,2021-01-04
5,NexGen Systems,Email,Men 25-34,15 days,YouTube,0.05,"$16,452.00",6.5,Los Angeles,Mandarin,379,4201,3,Health & Wellness,2021-01-05
6,DataTech Solutions,Display,All Ages,15 days,Instagram,0.07,"$9,716.00",4.36,New York,German,100,1643,1,Foodies,2021-01-06
7,NexGen Systems,Email,Women 35-44,60 days,Website,0.13,"$11,067.00",2.86,Los Angeles,Spanish,817,8749,10,Tech Enthusiasts,2021-01-07
8,DataTech Solutions,Search,Men 18-24,45 days,Google Ads,0.08,"$13,280.00",5.55,Los Angeles,Mandarin,624,7854,7,Outdoor Adventurers,2021-01-08
9,Alpha Innovations,Social Media,Women 35-44,15 days,Facebook,0.09,"$18,066.00",6.73,Chicago,German,861,1754,6,Tech Enthusiasts,2021-01-09
10,TechCorp,Email,Women 35-44,15 days,Instagram,0.09,"$13,766.00",3.78,Los Angeles,English,642,3856,3,Tech Enthusiasts,2021-01-10
11,NexGen Systems,Display,Men 25-34,45 days,Email,0.12,"$8,590.00",3.49,New York,Spanish,321,6628,10,Tech Enthusiasts,2021-01-11
12,Innovate Industries,Influencer,Men 25-34,60 days,Google Ads,0.05,"$17,502.00",3.59,Los Angeles,Mandarin,659,8948,1,Foodies,2021-01-12
13,TechCorp,Social Media,Men 25-34,60 days,Facebook,0.09,"$17,189.00",4.91,Chicago,Mandarin,677,8817,10,Tech Enthusiasts,2021-01-13
14,TechCorp,Email,Men 25-34,45 days,Instagram,0.14,"$9,975.00",7.06,New York,German,994,2201,4,Health & Wellness,2021-01-14
15,TechCorp,Display,All Ages,45 days,Website,0.04,"$11,346.00",5.28,Chicago,Spanish,482,8470,1,Outdoor Adventurers,2021-01-15
16,Innovate Industries,Social Media,Women 35-44,60 days,YouTube,0.11,"$9,407.00",2.91,New York,German,299,1512,5,Health & Wellness,2021-01-16
17,Innovate Industries,Display,Women 35-44,45 days,Website,0.08,"$5,478.00",4.53,Houston,English,931,2488,3,Fashionistas,2021-01-17
18,Alpha Innovations,Influencer,Men 18-24,15 days,Instagram,0.14,"$9,485.00",4.48,Miami,French,218,9264,9,Health & Wellness,2021-01-18
19,Alpha Innovations,Social Media,Men 25-34,60 days,Google Ads,0.07,"$19,224.00",6.08,New York,French,182,5798,1,Foodies,2021-01-19
20,DataTech Solutions,Influencer,Men 25-34,15 days,Google Ads,0.09,"$10,258.00",3.83,Miami,French,193,3677,1,Tech Enthusiasts,2021-01-20
21,DataTech Solutions,Search,Women 25-34,15 days,Email,0.04,"$16,580.00",7.99,New York,Spanish,975,1561,3,Outdoor Adventurers,2021-01-21
22,TechCorp,Influencer,All Ages,30 days,Facebook,0.02,"$12,824.00",6.21,New York,French,319,8586,2,Foodies,2021-01-22
23,NexGen Systems,Social Media,Women 35-44,15 days,YouTube,0.13,"$8,699.00",2.12,Miami,French,646,3841,5,Health & Wellness,2021-01-23
24,Innovate Industries,Email,Women 25-34,15 days,Facebook,0.04,"$17,608.00",7.31,Miami,Spanish,764,2157,8,Health & Wellness,2021-01-24
25,NexGen Systems,Social Media,Men 18-24,60 days,YouTube,0.07,"$8,773.00",6.03,Miami,Mandarin,527,1733,1,Fashionistas,2021-01-25
26,NexGen Systems,Search,Women 25-34,45 days,Instagram,0.04,"$14,756.00",6.23,Houston,English,809,8236,10,Health & Wellness,2021-01-26
27,Alpha Innovations,Email,Women 25-34,45 days,Facebook,0.09,"$9,182.00",6.03,Houston,English,953,6916,5,Fashionistas,2021-01-27
28,TechCorp,Email,Men 25-34,30 days,YouTube,0.07,"$6,601.00",3.29,New York,Spanish,604,2420,3,Foodies,2021-01-28
29,TechCorp,Influencer,Men 18-24,60 days,Email,0.09,"$11,552.00",7.12,Chicago,Spanish,384,7620,7,Tech Enthusiasts,2021-01-29
30,TechCorp,Social Media,Women 25-34,30 days,Email,0.09,"$11,608.00",3.61,Los Angeles,Spanish,952,4055,1,Tech Enthusiasts,2021-01-30
31,Innovate Industries,Search,Men 25-34,45 days,Instagram,0.07,"$13,124.00",2.77,Houston,Mandarin,512,4837,4,Tech Enthusiasts,2021-01-31
32,NexGen Systems,Influencer,All Ages,45 days,YouTube,0.07,"$13,245.00",6.83,New York,English,309,2885,7,Foodies,2021-02-01
33,NexGen Systems,Display,Women 35-44,45 days,Email,0.06,"$5,796.00",4.42,New York,Spanish,367,3218,9,Foodies,2021-02-02
34,Alpha Innovations,Influencer,Women 25-34,45 days,Google Ads,0.14,"$15,082.00",2.71,Los Angeles,German,243,5724,4,Health & Wellness,2021-02-03
35,NexGen Systems,Influencer,Men 18-24,30 days,YouTube,0.07,"$18,332.00",7.81,Houston,Spanish,360,5349,6,Fashionistas,2021-02-04
36,TechCorp,Display,Men 25-34,60 days,Instagram,0.09,"$13,256.00",2.51,Miami,German,250,7373,3,Health & Wellness,2021-02-05
37,DataTech Solutions,Display,All Ages,45 days,Email,0.04,"$15,779.00",7.24,New York,Spanish,822,7152,1,Foodies,2021-02-06
38,Innovate Industries,Influencer,Men 18-24,60 days,Facebook,0.06,"$7,683.00",2.62,Houston,French,833,9772,8,Tech Enthusiasts,2021-02-07
39,Innovate Industries,Search,Men 25-34,30 days,Instagram,0.11,"$14,742.00",2.21,Chicago,Spanish,663,9473,10,Tech Enthusiasts,2021-02-08
40,Innovate Industries,Search,Men 18-24,45 days,Google Ads,0.08,"$15,495.00",6.97,Chicago,German,268,5495,6,Fashionistas,2021-02-09
41,DataTech Solutions,Social Media,All Ages,30 days,Website,0.04,"$18,684.00",4.57,New York,French,212,4718,4,Foodies,2021-02-10
42,Alpha Innovations,Search,Men 25-34,45 days,Email,0.01,"$13,096.00",3.44,Los Angeles,French,360,2776,1,Foodies,2021-02-11
43,Innovate Industries,Display,Men 25-34,60 days,Instagram,0.09,"$7,818.00",5.6,Houston,French,598,8637,5,Fashionistas,2021-02-12
44,Innovate Industries,Display,All Ages,30 days,Instagram,0.09,"$8,214.00",4.77,Chicago,English,988,1612,5,Fashionistas,2021-02-13
45,DataTech Solutions,Email,Men 18-24,45 days,Google Ads,0.04,"$6,882.00",3.31,Miami,English,282,8038,7,Tech Enthusiasts,2021-02-14
46,NexGen Systems,Display,Women 35-44,60 days,Google Ads,0.03,"$13,470.00",6.8,Miami,English,992,8036,8,Health & Wellness,2021-02-15
47,DataTech Solutions,Search,Men 25-34,60 days,YouTube,0.06,"$14,948.00",7.4,New York,French,903,3940,3,Foodies,2021-02-16
48,Innovate Industries,Social Media,Men 18-24,60 days,Instagram,0.04,"$15,255.00",3.8,Chicago,French,629,1824,3,Health & Wellness,2021-02-17
49,TechCorp,Display,All Ages,60 days,Facebook,0.1,"$9,510.00",5.25,Houston,French,190,2071,4,Tech Enthusiasts,2021-02-18
50,TechCorp,Social Media,Women 25-34,45 days,Email,0.11,"$7,521.00",3.98,Los Angeles,German,150,7377,8,Tech Enthusiasts,2021-02-19
51,NexGen Systems,Search,Men 25-34,60 days,Facebook,0.12,"$10,405.00",5.79,Los Angeles,French,134,8463,9,Foodies,2021-02-20
52,NexGen Systems,Search,Men 25-34,15 days,Website,0.1,"$15,955.00",6.48,Houston,French,657,9831,7,Foodies,2021-02-21
53,TechCorp,Email,Men 18-24,30 days,Facebook,0.13,"$15,428.00",7.62,Houston,French,385,4937,6,Tech Enthusiasts,2021-02-22
54,NexGen Systems,Display,Women 35-44,45 days,YouTube,0.02,"$19,832.00",3.35,New York,English,537,4739,9,Outdoor Adventurers,2021-02-23
55,NexGen Systems,Social Media,Men 18-24,30 days,YouTube,0.05,"$17,375.00",6.15,Miami,Spanish,450,6012,7,Foodies,2021-02-24
56,NexGen Systems,Display,Men 25-34,15 days,Website,0.13,"$8,903.00",3.7,Miami,English,178,8529,9,Health & Wellness,2021-02-25
57,NexGen Systems,Email,Women 35-44,15 days,Website,0.04,"$14,511.00",6.66,Chicago,English,164,2122,8,Foodies,2021-02-26
58,Innovate Industries,Email,Men 18-24,60 days,Email,0.06,"$17,305.00",2.7,New York,French,569,1850,2,Fashionistas,2021-02-27
59,Alpha Innovations,Email,Women 25-34,45 days,Email,0.04,"$18,063.00",4.93,Chicago,English,330,6920,6,Foodies,2021-02-28
60,Innovate Industries,Display,Men 25-34,15 days,Email,0.05,"$10,293.00",6.8,Miami,French,256,3421,9,Health & Wellness,2021-03-01
61,DataTech Solutions,Email,Men 25-34,45 days,Email,0.05,"$8,785.00",2.27,New York,German,849,9217,5,Fashionistas,2021-03-02
62,TechCorp,Email,Men 25-34,30 days,Email,0.09,"$13,848.00",5.32,Los Angeles,French,261,1958,2,Tech Enthusiasts,2021-03-03
63,Innovate Industries,Influencer,Women 35-44,60 days,Email,0.01,"$14,435.00",7.04,Houston,Mandarin,592,3596,4,Foodies,2021-03-04
64,NexGen Systems,Search,Men 18-24,30 days,Facebook,0.02,"$14,001.00",3.71,Chicago,English,201,8702,10,Outdoor Adventurers,2021-03-05
65,DataTech Solutions,Display,All Ages,45 days,Website,0.11,"$8,841.00",7.43,Houston,French,648,9122,9,Fashionistas,2021-03-06
66,NexGen Systems,Search,All Ages,60 days,YouTube,0.04,"$11,366.00",7.28,Los Angeles,Mandarin,187,5048,8,Health & Wellness,2021-03-07
67,Alpha Innovations,Display,Women 25-34,30 days,YouTube,0.07,"$12,910.00",6.33,Miami,Spanish,839,5569,7,Foodies,2021-03-08
68,TechCorp,Search,Women 25-34,60 days,YouTube,0.12,"$7,823.00",2.72,New York,Mandarin,240,2512,6,Tech Enthusiasts,2021-03-09
69,TechCorp,Display,All Ages,15 days,Facebook,0.03,"$11,864.00",7.98,Chicago,French,932,9973,9,Tech Enthusiasts,2021-03-10
70,Innovate Industries,Email,All Ages,15 days,Facebook,0.1,"$17,414.00",4.74,Los Angeles,German,694,2836,2,Foodies,2021-03-11
71,Alpha Innovations,Search,Men 25-34,30 days,Website,0.13,"$18,201.00",5.58,New York,German,202,6745,8,Tech Enthusiasts,2021-03-12
72,Alpha Innovations,Social Media,All Ages,15 days,Email,0.03,"$9,549.00",5.61,Chicago,French,416,9187,7,Health & Wellness,2021-03-13
73,TechCorp,Social Media,Women 35-44,15 days,YouTube,0.13,"$16,635.00",7.46,Miami,English,576,9999,10,Health & Wellness,2021-03-14
74,NexGen Systems,Influencer,All Ages,45 days,Facebook,0.1,"$9,310.00",5.63,New York,German,300,3687,9,Foodies,2021-03-15
75,NexGen Systems,Display,All Ages,15 days,YouTube,0.11,"$5,158.00",6.67,Chicago,German,776,4238,3,Health & Wellness,2021-03-16
76,Innovate Industries,Search,Men 25-34,30 days,Instagram,0.04,"$15,182.00",2.03,Houston,English,492,7364,2,Fashionistas,2021-03-17
77,Innovate Industries,Display,Men 18-24,45 days,Google Ads,0.08,"$5,703.00",3.23,Chicago,German,763,8501,10,Foodies,2021-03-18
78,Innovate Industries,Search,Women 35-44,60 days,Google Ads,0.02,"$12,008.00",4.82,Miami,Spanish,817,7892,2,Health & Wellness,2021-03-19
79,NexGen Systems,Display,Women 35-44,45 days,Google Ads,0.13,"$15,850.00",7.74,New York,Spanish,791,3594,4,Outdoor Adventurers,2021-03-20
80,Alpha Innovations,Influencer,Women 25-34,30 days,Email,0.1,"$9,813.00",6.57,Miami,French,737,9941,6,Fashionistas,2021-03-21
81,Innovate Industries,Influencer,Women 35-44,60 days,Google Ads,0.14,"$19,300.00",7.62,Miami,Mandarin,159,3643,1,Outdoor Adventurers,2021-03-22
82,NexGen Systems,Social Media,Women 25-34,45 days,YouTube,0.12,"$17,772.00",6.33,New York,English,913,1921,5,Foodies,2021-03-23
83,Innovate Industries,Influencer,Women 25-34,60 days,Facebook,0.1,"$17,293.00",3.74,Houston,Spanish,238,8969,6,Outdoor Adventurers,2021-03-24
84,NexGen Systems,Search,All Ages,60 days,YouTube,0.08,"$8,398.00",3.99,Miami,English,134,3108,1,Health & Wellness,2021-03-25
85,Alpha Innovations,Influencer,Women 35-44,60 days,Email,0.15,"$15,866.00",2.3,Houston,French,159,2139,10,Health & Wellness,2021-03-26
86,TechCorp,Social Media,All Ages,30 days,YouTube,0.13,"$7,515.00",7.38,Houston,Mandarin,635,8489,3,Foodies,2021-03-27
87,DataTech Solutions,Email,Women 25-34,15 days,YouTube,0.15,"$19,026.00",2.22,Miami,Mandarin,187,2573,10,Fashionistas,2021-03-28
88,TechCorp,Search,Men 18-24,60 days,Facebook,0.14,"$8,280.00",7.89,New York,German,537,3042,1,Outdoor Adventurers,2021-03-29
89,Alpha Innovations,Display,Women 25-34,30 days,Google Ads,0.1,"$18,251.00",4.41,New York,Spanish,597,8117,6,Tech Enthusiasts,2021-03-30
90,DataTech Solutions,Display,All Ages,15 days,Instagram,0.07,"$13,108.00",2.01,Houston,German,550,3839,7,Tech Enthusiasts,2021-03-31
91,NexGen Systems,Influencer,Women 35-44,15 days,YouTube,0.09,"$15,477.00",6.98,Houston,English,956,9087,3,Foodies,2021-04-01
92,TechCorp,Email,Men 25-34,45 days,Email,0.09,"$17,705.00",7.0,New York,Spanish,628,9545,4,Outdoor Adventurers,2021-04-02
93,Innovate Industries,Display,Women 35-44,15 days,Instagram,0.05,"$18,470.00",2.57,Chicago,English,938,7879,10,Fashionistas,2021-04-03
94,NexGen Systems,Display,Men 25-34,45 days,Instagram,0.01,"$14,438.00",7.19,New York,French,147,6497,10,Health & Wellness,2021-04-04
95,NexGen Systems,Search,Men 18-24,45 days,Facebook,0.08,"$6,278.00",4.93,Miami,German,776,4289,8,Foodies,2021-04-05
96,TechCorp,Social Media,All Ages,15 days,Email,0.08,"$5,185.00",4.61,New York,French,108,9532,1,Tech Enthusiasts,2021-04-06
97,Innovate Industries,Email,Women 25-34,15 days,Instagram,0.14,"$18,799.00",3.69,Miami,French,395,6079,8,Health & Wellness,2021-04-07
98,Alpha Innovations,Search,All Ages,60 days,Facebook,0.04,"$7,365.00",7.96,New York,French,419,4484,1,Fashionistas,2021-04-08
99,Alpha Innovations,Search,All Ages,60 days,Instagram,0.02,"$6,565.00",3.12,New York,French,463,6061,8,Foodies,2021-04-09
100,TechCorp,Display,All Ages,60 days,Facebook,0.09,"$9,022.00",5.58,Miami,Spanish,521,2572,4,Tech Enthusiasts,2021-04-10
101,NexGen Systems,Search,Men 25-34,45 days,YouTube,0.07,"$18,735.00",4.86,Los Angeles,Spanish,706,8715,6,Foodies,2021-04-11
102,TechCorp,Search,Men 18-24,45 days,YouTube,0.09,"$9,941.00",4.54,Chicago,English,207,8334,4,Tech Enthusiasts,2021-04-12
103,DataTech Solutions,Influencer,Men 18-24,60 days,Website,0.08,"$10,113.00",6.87,Houston,English,583,1005,3,Health & Wellness,2021-04-13
104,DataTech Solutions,Social Media,Men 18-24,15 days,Facebook,0.1,"$8,310.00",7.17,Chicago,Spanish,864,6841,3,Tech Enthusiasts,2021-04-14
105,DataTech Solutions,Influencer,Men 18-24,30 days,Google Ads,0.06,"$15,073.00",2.17,Los Angeles,English,387,8035,2,Health & Wellness,2021-04-15
106,Innovate Industries,Social Media,Women 25-34,30 days,Email,0.09,"$7,541.00",3.35,Chicago,Spanish,560,3439,7,Fashionistas,2021-04-16
107,TechCorp,Influencer,Men 25-34,45 days,Google Ads,0.11,"$14,875.00",6.5,New York,German,306,1560,3,Health & Wellness,2021-04-17
108,TechCorp,Email,All Ages,45 days,Email,0.06,"$5,514.00",7.32,Miami,German,740,4550,1,Outdoor Adventurers,2021-04-18
109,Innovate Industries,Search,Men 25-34,30 days,Instagram,0.05,"$15,107.00",4.79,Houston,Spanish,115,1475,10,Fashionistas,2021-04-19
110,Innovate Industries,Social Media,Women 25-34,15 days,YouTube,0.1,"$13,712.00",6.4,Chicago,English,366,3843,3,Fashionistas,2021-04-20
111,Alpha Innovations,Influencer,All Ages,60 days,Facebook,0.05,"$11,789.00",5.39,Houston,German,659,3670,9,Outdoor Adventurers,2021-04-21
112,DataTech Solutions,Email,All Ages,30 days,Website,0.13,"$18,335.00",7.58,Los Angeles,Mandarin,552,3464,5,Health & Wellness,2021-04-22
113,TechCorp,Display,Women 35-44,30 days,Google Ads,0.02,"$19,035.00",2.01,Miami,Mandarin,560,6945,7,Health & Wellness,2021-04-23
114,DataTech Solutions,Email,Women 25-34,15 days,YouTube,0.11,"$17,655.00",4.04,Los Angeles,English,369,8912,4,Health & Wellness,2021-04-24
115,NexGen Systems,Email,Women 25-34,45 days,Google Ads,0.11,"$6,710.00",2.72,Houston,German,886,6158,7,Fashionistas,2021-04-25
116,NexGen Systems,Social Media,Women 25-34,15 days,Facebook,0.09,"$9,899.00",3.7,Los Angeles,German,447,4878,8,Tech Enthusiasts,2021-04-26
117,Innovate Industries,Email,All Ages,30 days,Instagram,0.14,"$7,032.00",7.86,Chicago,Spanish,595,1555,4,Health & Wellness,2021-04-27
118,TechCorp,Social Media,All Ages,45 days,Website,0.05,"$5,174.00",4.98,Houston,German,438,9741,1,Tech Enthusiasts,2021-04-28
119,Innovate Industries,Display,Women 35-44,15 days,YouTube,0.14,"$15,679.00",3.71,Los Angeles,German,652,3884,7,Foodies,2021-04-29
120,NexGen Systems,Display,All Ages,45 days,YouTube,0.07,"$12,143.00",7.65,Miami,Mandarin,802,8897,10,Tech Enthusiasts,2021-04-30
121,Innovate Industries,Email,Women 35-44,45 days,Facebook,0.02,"$19,329.00",7.58,Houston,English,841,4536,8,Outdoor Adventurers,2021-05-01
122,Innovate Industries,Search,All Ages,60 days,Email,0.09,"$8,854.00",6.78,Chicago,German,137,4002,6,Tech Enthusiasts,2021-05-02
123,Alpha Innovations,Influencer,Women 35-44,45 days,YouTube,0.04,"$5,232.00",7.61,New York,German,850,6515,5,Foodies,2021-05-03
124,NexGen Systems,Display,Men 25-34,30 days,Instagram,0.02,"$13,006.00",3.7,Chicago,Spanish,727,2863,1,Fashionistas,2021-05-04
125,DataTech Solutions,Email,Men 18-24,45 days,Website,0.13,"$5,653.00",6.08,Chicago,Mandarin,986,4477,10,Foodies,2021-05-05
126,DataTech Solutions,Email,Men 25-34,45 days,Google Ads,0.02,"$18,169.00",5.5,Miami,English,259,3941,7,Outdoor Adventurers,2021-05-06
127,DataTech Solutions,Social Media,Men 25-34,45 days,Email,0.08,"$13,316.00",6.15,Los Angeles,Spanish,321,7186,2,Fashionistas,2021-05-07
128,NexGen Systems,Email,All Ages,15 days,Email,0.08,"$17,847.00",6.68,Houston,Spanish,942,9066,3,Outdoor Adventurers,2021-05-08
129,Alpha Innovations,Email,Men 18-24,45 days,Instagram,0.06,"$10,639.00",4.32,New York,Spanish,166,5735,10,Health & Wellness,2021-05-09
130,Innovate Industries,Display,Men 25-34,15 days,YouTube,0.03,"$10,945.00",3.16,Chicago,Spanish,508,8054,6,Fashionistas,2021-05-10
131,NexGen Systems,Email,Men 18-24,15 days,Instagram,0.11,"$5,167.00",6.63,New York,Spanish,885,1932,7,Fashionistas,2021-05-11
132,DataTech Solutions,Influencer,Men 25-34,60 days,Google Ads,0.15,"$8,300.00",6.65,Chicago,Spanish,158,4842,4,Outdoor Adventurers,2021-05-12
133,Innovate Industries,Social Media,Men 25-34,15 days,Instagram,0.14,"$13,469.00",7.54,Houston,German,857,4028,8,Fashionistas,2021-05-13
134,TechCorp,Search,Men 25-34,30 days,Facebook,0.1,"$19,254.00",2.41,Miami,English,481,1876,7,Foodies,2021-05-14
135,DataTech Solutions,Display,All Ages,60 days,Google Ads,0.04,"$10,704.00",6.46,Chicago,French,999,7543,8,Tech Enthusiasts,2021-05-15
136,NexGen Systems,Email,Men 18-24,30 days,Email,0.15,"$9,229.00",3.56,New York,Spanish,939,5999,8,Tech Enthusiasts,2021-05-16
137,Alpha Innovations,Social Media,Women 35-44,60 days,Instagram,0.1,"$14,125.00",4.9,Houston,Spanish,885,7833,5,Fashionistas,2021-05-17
138,DataTech Solutions,Influencer,All Ages,60 days,Instagram,0.04,"$8,222.00",6.17,Houston,Mandarin,666,1435,4,Foodies,2021-05-18
139,NexGen Systems,Email,Men 18-24,45 days,Website,0.07,"$14,226.00",3.77,Chicago,German,359,9440,8,Outdoor Adventurers,2021-05-19
140,DataTech Solutions,Email,Men 18-24,60 days,Website,0.06,"$18,985.00",4.61,Miami,English,328,8840,5,Fashionistas,2021-05-20
141,NexGen Systems,Email,Women 25-34,15 days,Email,0.08,"$5,599.00",3.43,Houston,English,571,2404,3,Fashionistas,2021-05-21
142,Innovate Industries,Influencer,All Ages,45 days,Google Ads,0.08,"$11,952.00",3.48,Houston,English,845,5702,8,Health & Wellness,2021-05-22
143,Innovate Industries,Display,Women 35-44,15 days,Facebook,0.05,"$14,503.00",3.8,Miami,Mandarin,585,9150,3,Tech Enthusiasts,2021-05-23
144,DataTech Solutions,Search,Men 25-34,45 days,Instagram,0.11,"$10,404.00",2.41,New York,German,418,3556,2,Tech Enthusiasts,2021-05-24
145,TechCorp,Social Media,Men 18-24,30 days,Email,0.12,"$7,484.00",5.86,Houston,English,208,8730,2,Outdoor Adventurers,2021-05-25
146,TechCorp,Search,Men 25-34,60 days,Google Ads,0.03,"$7,428.00",4.72,Houston,Mandarin,556,5179,4,Tech Enthusiasts,2021-05-26
147,TechCorp,Influencer,Men 25-34,15 days,Facebook,0.1,"$11,495.00",5.13,Los Angeles,French,734,2612,5,Health & Wellness,2021-05-27
148,TechCorp,Influencer,All Ages,30 days,Facebook,0.13,"$18,957.00",2.83,Los Angeles,Spanish,643,2939,4,Tech Enthusiasts,2021-05-28
149,NexGen Systems,Display,Men 18-24,45 days,Instagram,0.06,"$10,772.00",2.94,Chicago,English,165,1496,6,Health & Wellness,2021-05-29
150,TechCorp,Search,Women 35-44,60 days,Instagram,0.14,"$6,896.00",2.15,Houston,German,693,1290,1,Foodies,2021-05-30
151,NexGen Systems,Search,Men 18-24,60 days,Facebook,0.13,"$13,318.00",2.98,New York,German,261,1415,6,Foodies,2021-05-31
152,TechCorp,Influencer,Women 35-44,60 days,Website,0.06,"$7,031.00",5.67,Houston,French,404,8033,6,Tech Enthusiasts,2021-06-01
153,Alpha Innovations,Display,Women 35-44,15 days,Instagram,0.06,"$5,466.00",2.66,Houston,English,257,5756,2,Tech Enthusiasts,2021-06-02
154,Innovate Industries,Influencer,All Ages,30 days,Instagram,0.11,"$15,303.00",7.41,Chicago,Spanish,901,8712,2,Foodies,2021-06-03
155,TechCorp,Social Media,Women 35-44,30 days,Instagram,0.13,"$13,157.00",4.41,New York,German,724,9573,6,Fashionistas,2021-06-04
156,Innovate Industries,Influencer,All Ages,15 days,Instagram,0.07,"$13,197.00",3.31,Los Angeles,French,672,8765,9,Tech Enthusiasts,2021-06-05
157,Alpha Innovations,Display,Men 25-34,30 days,Facebook,0.09,"$19,723.00",4.74,Houston,Mandarin,148,2746,8,Outdoor Adventurers,2021-06-06
158,NexGen Systems,Display,Men 18-24,60 days,Google Ads,0.12,"$18,903.00",7.24,Miami,French,488,4253,1,Tech Enthusiasts,2021-06-07
159,Alpha Innovations,Display,Women 35-44,60 days,Website,0.06,"$17,737.00",4.23,Houston,Spanish,420,8196,4,Foodies,2021-06-08
160,DataTech Solutions,Social Media,Women 25-34,30 days,Instagram,0.08,"$16,981.00",5.74,Miami,French,395,7469,6,Foodies,2021-06-09
161,TechCorp,Search,All Ages,45 days,Website,0.05,"$15,993.00",6.55,Miami,English,616,9536,8,Fashionistas,2021-06-10
162,DataTech Solutions,Social Media,Men 18-24,30 days,YouTube,0.07,"$7,893.00",5.28,Chicago,German,170,6306,9,Foodies,2021-06-11
163,TechCorp,Email,Women 25-34,15 days,Google Ads,0.04,"$9,858.00",3.09,Los Angeles,Spanish,957,4396,9,Tech Enthusiasts,2021-06-12
164,NexGen Systems,Influencer,Women 35-44,30 days,Email,0.09,"$6,885.00",7.65,Houston,Spanish,872,3269,1,Tech Enthusiasts,2021-06-13
165,TechCorp,Email,Men 25-34,30 days,Email,0.07,"$11,587.00",3.17,Houston,English,716,2676,9,Foodies,2021-06-14
166,NexGen Systems,Email,All Ages,30 days,Facebook,0.15,"$5,202.00",5.94,New York,German,998,5108,3,Fashionistas,2021-06-15
167,Innovate Industries,Search,Men 18-24,15 days,Instagram,0.08,"$15,651.00",7.24,Los Angeles,English,481,4165,7,Tech Enthusiasts,2021-06-16
168,NexGen Systems,Display,All Ages,30 days,Website,0.12,"$11,879.00",8.0,New York,Spanish,568,4997,6,Outdoor Adventurers,2021-06-17
169,TechCorp,Influencer,Women 25-34,60 days,Email,0.03,"$12,183.00",4.36,Los Angeles,English,421,6087,10,Tech Enthusiasts,2021-06-18
170,TechCorp,Search,All Ages,30 days,Google Ads,0.07,"$10,690.00",5.41,Los Angeles,English,797,1306,9,Foodies,2021-06-19
171,TechCorp,Social Media,Men 25-34,30 days,Website,0.06,"$12,886.00",4.62,Miami,Mandarin,668,2507,8,Foodies,2021-06-20
172,Innovate Industries,Influencer,Men 25-34,15 days,Google Ads,0.09,"$10,854.00",6.1,Houston,English,303,9453,2,Health & Wellness,2021-06-21
173,DataTech Solutions,Influencer,All Ages,15 days,YouTube,0.11,"$7,170.00",3.76,Los Angeles,German,540,6422,8,Foodies,2021-06-22
174,Innovate Industries,Display,Men 25-34,45 days,Google Ads,0.15,"$17,414.00",6.9,Los Angeles,French,801,8439,5,Foodies,2021-06-23
175,Innovate Industries,Search,Men 18-24,15 days,Instagram,0.1,"$12,272.00",5.29,Los Angeles,French,436,7817,7,Outdoor Adventurers,2021-06-24
176,Innovate Industries,Social Media,All Ages,15 days,Website,0.09,"$6,489.00",2.22,Chicago,English,683,9143,6,Foodies,2021-06-25
177,Innovate Industries,Display,Women 35-44,60 days,YouTube,0.08,"$19,732.00",6.06,Chicago,English,862,6773,1,Tech Enthusiasts,2021-06-26
178,Alpha Innovations,Social Media,All Ages,45 days,YouTube,0.09,"$17,837.00",3.84,Houston,English,944,9536,6,Foodies,2021-06-27
179,Innovate Industries,Display,All Ages,45 days,Email,0.13,"$11,954.00",4.91,Miami,Mandarin,241,9184,8,Foodies,2021-06-28
180,Alpha Innovations,Display,Women 35-44,30 days,Google Ads,0.01,"$16,862.00",6.29,Chicago,Spanish,200,1513,9,Tech Enthusiasts,2021-06-29
181,TechCorp,Display,All Ages,45 days,Email,0.07,"$8,076.00",4.29,New York,Mandarin,883,3400,8,Fashionistas,2021-06-30
182,DataTech Solutions,Influencer,Women 35-44,15 days,Facebook,0.06,"$19,143.00",2.58,Los Angeles,Spanish,690,1087,7,Tech Enthusiasts,2021-07-01
183,TechCorp,Influencer,Women 35-44,15 days,Instagram,0.06,"$18,350.00",3.2,New York,Spanish,372,3266,4,Health & Wellness,2021-07-02
184,DataTech Solutions,Social Media,Men 18-24,45 days,Email,0.06,"$12,315.00",3.97,Chicago,Spanish,505,4099,7,Fashionistas,2021-07-03
185,NexGen Systems,Influencer,Men 25-34,15 days,Instagram,0.14,"$17,598.00",7.27,Chicago,Mandarin,961,8475,7,Outdoor Adventurers,2021-07-04
186,TechCorp,Email,Women 35-44,30 days,Instagram,0.05,"$19,545.00",2.57,Houston,German,209,1917,1,Health & Wellness,2021-07-05
187,NexGen Systems,Email,Men 25-34,60 days,Email,0.13,"$14,231.00",6.28,Chicago,Mandarin,312,8509,3,Health & Wellness,2021-07-06
188,Alpha Innovations,Influencer,Women 25-34,30 days,Instagram,0.11,"$15,162.00",7.8,Chicago,German,360,6030,8,Tech Enthusiasts,2021-07-07
189,DataTech Solutions,Social Media,Women 25-34,15 days,Email,0.12,"$15,403.00",6.21,Houston,English,542,6792,6,Foodies,2021-07-08
190,Innovate Industries,Influencer,All Ages,15 days,Email,0.06,"$5,363.00",5.46,Chicago,German,369,8511,8,Tech Enthusiasts,2021-07-09
191,DataTech Solutions,Social Media,Women 35-44,60 days,Website,0.12,"$13,903.00",2.46,Chicago,German,461,9733,9,Tech Enthusiasts,2021-07-10
192,TechCorp,Influencer,Men 25-34,45 days,Facebook,0.12,"$14,271.00",5.64,New York,Mandarin,842,2301,1,Health & Wellness,2021-07-11
193,DataTech Solutions,Social Media,Men 25-34,30 days,Google Ads,0.05,"$13,744.00",4.7,Miami,German,743,5155,5,Fashionistas,2021-07-12
194,NexGen Systems,Email,All Ages,15 days,Google Ads,0.1,"$6,093.00",4.28,New York,Mandarin,423,1340,7,Foodies,2021-07-13
195,DataTech Solutions,Email,All Ages,45 days,Email,0.07,"$5,272.00",3.62,Chicago,Spanish,939,9590,9,Foodies,2021-07-14
196,DataTech Solutions,Display,Women 35-44,30 days,YouTube,0.02,"$6,208.00",7.31,Houston,Mandarin,257,9939,8,Health & Wellness,2021-07-15
197,Innovate Industries,Influencer,Women 25-34,45 days,Email,0.1,"$15,437.00",3.72,Los Angeles,English,683,4212,6,Tech Enthusiasts,2021-07-16
198,DataTech Solutions,Display,Men 18-24,15 days,Instagram,0.01,"$16,368.00",4.37,Los Angeles,Mandarin,433,8942,5,Tech Enthusiasts,2021-07-17
199,Innovate Industries,Influencer,Men 18-24,45 days,Email,0.14,"$10,939.00",4.79,Miami,Spanish,146,1404,3,Outdoor Adventurers,2021-07-18
200,TechCorp,Influencer,Men 25-34,30 days,Google Ads,0.02,"$16,312.00",2.63,Chicago,English,117,4406,7,Outdoor Adventurers,2021-07-19
201,Innovate Industries,Search,Women 35-44,60 days,Facebook,0.09,"$9,518.00",4.22,Houston,German,324,8445,6,Tech Enthusiasts,2021-07-20
202,DataTech Solutions,Influencer,Women 35-44,45 days,Instagram,0.13,"$16,258.00",5.83,Chicago,French,317,2305,10,Foodies,2021-07-21
203,DataTech Solutions,Display,All Ages,30 days,Email,0.1,"$7,176.00",7.27,Los Angeles,Spanish,472,7157,10,Tech Enthusiasts,2021-07-22
204,TechCorp,Influencer,Men 18-24,45 days,Google Ads,0.15,"$14,405.00",7.51,Los Angeles,French,896,7502,9,Foodies,2021-07-23
205,DataTech Solutions,Influencer,Women 35-44,45 days,Email,0.11,"$13,293.00",7.49,Chicago,Mandarin,132,1159,10,Foodies,2021-07-24
206,Innovate Industries,Email,Men 18-24,15 days,Website,0.12,"$14,318.00",3.69,Miami,Spanish,210,2135,3,Tech Enthusiasts,2021-07-25
207,TechCorp,Social Media,Women 25-34,60 days,Instagram,0.05,"$8,772.00",6.29,New York,English,209,6176,6,Health & Wellness,2021-07-26
208,DataTech Solutions,Display,Women 25-34,45 days,Google Ads,0.11,"$12,864.00",2.87,Los Angeles,English,280,2676,7,Health & Wellness,2021-07-27
209,NexGen Systems,Display,All Ages,15 days,Google Ads,0.11,"$17,562.00",3.66,Chicago,English,308,6903,7,Health & Wellness,2021-07-28
210,Innovate Industries,Display,All Ages,45 days,Email,0.08,"$17,461.00",2.81,Los Angeles,Mandarin,554,8096,10,Health & Wellness,2021-07-29
211,DataTech Solutions,Search,Women 35-44,30 days,Website,0.08,"$19,366.00",7.94,Chicago,Spanish,868,8919,10,Health & Wellness,2021-07-30
212,NexGen Systems,Social Media,All Ages,30 days,Instagram,0.02,"$6,907.00",2.39,Houston,French,376,1503,5,Foodies,2021-07-31
213,DataTech Solutions,Social Media,Women 25-34,45 days,Email,0.15,"$16,540.00",2.72,Houston,Mandarin,264,3516,2,Foodies,2021-08-01
214,TechCorp,Display,All Ages,60 days,Email,0.05,"$5,020.00",7.67,Chicago,Spanish,773,3130,5,Health & Wellness,2021-08-02
215,Alpha Innovations,Influencer,Women 25-34,45 days,YouTube,0.06,"$13,697.00",2.79,Los Angeles,Spanish,999,2557,3,Health & Wellness,2021-08-03
216,Alpha Innovations,Social Media,Women 25-34,30 days,Email,0.14,"$19,308.00",4.39,New York,Mandarin,726,6296,5,Health & Wellness,2021-08-04
217,NexGen Systems,Search,Women 35-44,30 days,Google Ads,0.11,"$13,185.00",6.06,Houston,English,614,9971,10,Fashionistas,2021-08-05
218,DataTech Solutions,Email,Men 18-24,15 days,Instagram,0.05,"$15,880.00",5.85,Los Angeles,Spanish,967,9549,5,Tech Enthusiasts,2021-08-06
219,TechCorp,Search,Women 25-34,15 days,Email,0.08,"$13,524.00",3.91,Los Angeles,Spanish,167,9596,10,Foodies,2021-08-07
220,Innovate Industries,Influencer,All Ages,15 days,Email,0.03,"$10,536.00",8.0,New York,Mandarin,924,3584,10,Fashionistas,2021-08-08
221,Alpha Innovations,Email,Men 18-24,15 days,Email,0.02,"$5,941.00",6.73,Miami,French,715,8580,2,Tech Enthusiasts,2021-08-09
222,Alpha Innovations,Email,Men 25-34,15 days,Instagram,0.09,"$12,239.00",2.98,Los Angeles,Mandarin,198,8847,2,Foodies,2021-08-10
223,DataTech Solutions,Search,Women 25-34,30 days,Facebook,0.04,"$11,973.00",5.36,Los Angeles,Spanish,240,5611,6,Fashionistas,2021-08-11
224,TechCorp,Display,Women 35-44,15 days,Google Ads,0.1,"$5,697.00",7.76,Miami,German,285,3131,1,Foodies,2021-08-12
225,DataTech Solutions,Email,Men 25-34,30 days,Instagram,0.12,"$6,388.00",6.8,Houston,English,159,4073,7,Outdoor Adventurers,2021-08-13
226,NexGen Systems,Influencer,Women 35-44,60 days,Facebook,0.15,"$10,330.00",2.83,Houston,French,153,5056,1,Foodies,2021-08-14
227,Innovate Industries,Email,Men 18-24,45 days,Instagram,0.08,"$5,429.00",6.93,Los Angeles,English,423,7289,1,Foodies,2021-08-15
228,TechCorp,Influencer,Men 25-34,45 days,Google Ads,0.15,"$16,318.00",5.39,Chicago,German,660,1268,1,Health & Wellness,2021-08-16
229,Innovate Industries,Search,Men 25-34,60 days,Website,0.08,"$10,475.00",6.46,Los Angeles,Mandarin,111,8357,6,Tech Enthusiasts,2021-08-17
230,Alpha Innovations,Search,Women 35-44,30 days,Instagram,0.02,"$14,610.00",5.38,Los Angeles,French,820,5111,4,Fashionistas,2021-08-18
231,DataTech Solutions,Email,Women 35-44,15 days,Facebook,0.1,"$9,636.00",5.08,New York,German,935,6946,2,Fashionistas,2021-08-19
232,NexGen Systems,Email,Women 25-34,60 days,Google Ads,0.05,"$11,450.00",2.89,New York,Spanish,685,7667,6,Fashionistas,2021-08-20
233,DataTech Solutions,Email,Women 35-44,60 days,Facebook,0.02,"$14,372.00",4.26,Houston,Spanish,703,6178,2,Tech Enthusiasts,2021-08-21
234,Innovate Industries,Search,Men 25-34,60 days,Website,0.04,"$15,105.00",5.61,Chicago,German,366,8306,1,Fashionistas,2021-08-22
235,Alpha Innovations,Display,Men 25-34,15 days,Facebook,0.07,"$10,319.00",7.47,Chicago,German,409,4851,6,Outdoor Adventurers,2021-08-23
236,TechCorp,Search,Women 25-34,45 days,Google Ads,0.04,"$5,220.00",4.79,New York,French,662,8586,2,Fashionistas,2021-08-24
237,NexGen Systems,Search,Men 18-24,30 days,Email,0.14,"$15,820.00",5.12,Chicago,German,240,6283,9,Health & Wellness,2021-08-25
238,Innovate Industries,Display,Men 18-24,60 days,Website,0.01,"$18,076.00",3.13,New York,English,320,5064,6,Fashionistas,2021-08-26
239,Innovate Industries,Social Media,Women 25-34,60 days,Email,0.08,"$18,074.00",5.99,Chicago,German,587,4909,5,Outdoor Adventurers,2021-08-27
240,Alpha Innovations,Email,Women 35-44,60 days,Google Ads,0.1,"$6,676.00",5.75,Los Angeles,Spanish,119,6702,7,Tech Enthusiasts,2021-08-28
241,Innovate Industries,Display,Women 25-34,45 days,Email,0.06,"$19,928.00",4.24,Miami,French,116,3794,4,Foodies,2021-08-29
242,NexGen Systems,Search,Women 25-34,60 days,Google Ads,0.11,"$14,322.00",5.66,New York,Spanish,872,8759,2,Fashionistas,2021-08-30
243,Alpha Innovations,Influencer,Men 18-24,60 days,Website,0.1,"$19,463.00",3.02,Miami,Mandarin,970,8060,3,Tech Enthusiasts,2021-08-31
244,Alpha Innovations,Influencer,Men 25-34,45 days,Google Ads,0.13,"$12,616.00",5.23,New York,German,864,1054,6,Fashionistas,2021-09-01
245,DataTech Solutions,Influencer,Women 25-34,30 days,Website,0.12,"$14,856.00",2.05,Chicago,Mandarin,597,2672,3,Fashionistas,2021-09-02
246,DataTech Solutions,Display,Men 18-24,15 days,Instagram,0.14,"$19,347.00",3.49,Houston,French,993,5113,2,Tech Enthusiasts,2021-09-03
247,DataTech Solutions,Social Media,Men 25-34,15 days,Google Ads,0.15,"$14,124.00",6.53,New York,Spanish,967,4832,8,Health & Wellness,2021-09-04
248,DataTech Solutions,Social Media,Women 25-34,45 days,Google Ads,0.15,"$9,761.00",3.26,Chicago,Mandarin,350,4327,10,Outdoor Adventurers,2021-09-05
249,DataTech Solutions,Social Media,Women 35-44,30 days,Google Ads,0.1,"$5,575.00",3.42,Houston,English,324,2310,6,Foodies,2021-09-06
250,Alpha Innovations,Display,All Ages,15 days,Email,0.13,"$15,120.00",5.25,Chicago,Mandarin,897,1928,7,Fashionistas,2021-09-07
251,Innovate Industries,Display,Women 25-34,45 days,Website,0.1,"$16,108.00",2.15,New York,French,162,7983,7,Fashionistas,2021-09-08
252,Innovate Industries,Display,Men 18-24,60 days,Email,0.03,"$6,459.00",5.33,Houston,Mandarin,949,7441,4,Outdoor Adventurers,2021-09-09
253,Alpha Innovations,Search,All Ages,30 days,Email,0.08,"$16,937.00",4.24,Houston,French,154,7455,9,Tech Enthusiasts,2021-09-10
254,Innovate Industries,Influencer,Women 35-44,60 days,Facebook,0.07,"$11,092.00",4.55,Los Angeles,English,735,7035,7,Foodies,2021-09-11
255,Innovate Industries,Social Media,Women 35-44,30 days,Facebook,0.05,"$6,772.00",5.55,New York,Spanish,341,9370,2,Fashionistas,2021-09-12
256,NexGen Systems,Influencer,Men 25-34,30 days,YouTube,0.08,"$7,331.00",2.27,Miami,Spanish,222,7421,7,Health & Wellness,2021-09-13
257,Innovate Industries,Display,Men 25-34,45 days,YouTube,0.02,"$16,189.00",6.92,New York,German,841,9783,7,Foodies,2021-09-14
258,Innovate Industries,Display,Women 35-44,30 days,Instagram,0.06,"$11,003.00",7.63,Miami,Mandarin,986,6349,3,Fashionistas,2021-09-15
259,NexGen Systems,Social Media,Men 25-34,15 days,Google Ads,0.07,"$7,726.00",7.64,Houston,German,314,4021,4,Tech Enthusiasts,2021-09-16
260,Innovate Industries,Search,Men 25-34,30 days,Website,0.03,"$15,424.00",2.56,New York,English,838,9611,6,Tech Enthusiasts,2021-09-17
261,Alpha Innovations,Display,Men 18-24,45 days,Instagram,0.04,"$13,154.00",5.69,Chicago,Spanish,394,7139,2,Health & Wellness,2021-09-18
262,Alpha Innovations,Email,Men 18-24,60 days,Google Ads,0.04,"$9,005.00",3.35,Los Angeles,Mandarin,536,7663,4,Foodies,2021-09-19
263,TechCorp,Search,All Ages,30 days,Google Ads,0.12,"$13,481.00",6.44,Chicago,Mandarin,143,5377,8,Tech Enthusiasts,2021-09-20
264,TechCorp,Social Media,Men 18-24,45 days,Email,0.05,"$9,957.00",3.16,Houston,French,426,4894,10,Health & Wellness,2021-09-21
265,DataTech Solutions,Social Media,Women 25-34,45 days,Facebook,0.07,"$12,840.00",3.29,Houston,French,295,9944,9,Foodies,2021-09-22
266,Alpha Innovations,Display,All Ages,30 days,Website,0.07,"$18,572.00",7.1,Chicago,French,661,8775,2,Foodies,2021-09-23
267,NexGen Systems,Social Media,Men 18-24,15 days,Website,0.07,"$7,981.00",4.52,Houston,German,441,9476,7,Outdoor Adventurers,2021-09-24
268,TechCorp,Search,Women 25-34,30 days,Google Ads,0.03,"$13,134.00",7.66,Houston,Mandarin,983,3980,4,Outdoor Adventurers,2021-09-25
269,Alpha Innovations,Email,Women 25-34,45 days,Email,0.09,"$17,232.00",3.77,Houston,French,354,9225,3,Health & Wellness,2021-09-26
270,Alpha Innovations,Social Media,Men 18-24,45 days,Google Ads,0.03,"$18,883.00",3.54,New York,Mandarin,570,9730,9,Fashionistas,2021-09-27
271,Innovate Industries,Display,Men 25-34,15 days,Instagram,0.03,"$14,168.00",3.39,New York,English,676,4287,1,Health & Wellness,2021-09-28
272,Innovate Industries,Search,Men 25-34,30 days,Email,0.09,"$8,078.00",4.65,Miami,Spanish,741,5040,2,Foodies,2021-09-29
273,TechCorp,Search,Women 35-44,15 days,Instagram,0.06,"$19,023.00",7.62,Los Angeles,German,274,4451,7,Tech Enthusiasts,2021-09-30
274,DataTech Solutions,Social Media,All Ages,45 days,Facebook,0.08,"$12,970.00",7.25,Los Angeles,French,860,6750,6,Foodies,2021-10-01
275,Alpha Innovations,Influencer,Women 35-44,60 days,Email,0.06,"$8,786.00",7.56,Houston,Mandarin,397,6102,8,Foodies,2021-10-02
276,NexGen Systems,Influencer,All Ages,60 days,Google Ads,0.07,"$14,623.00",3.05,Los Angeles,English,449,7339,1,Fashionistas,2021-10-03
277,DataTech Solutions,Email,Men 25-34,15 days,Instagram,0.08,"$6,326.00",5.2,Miami,French,461,7818,2,Health & Wellness,2021-10-04
278,DataTech Solutions,Email,All Ages,30 days,Website,0.03,"$18,728.00",5.48,Houston,Mandarin,831,9026,10,Health & Wellness,2021-10-05
279,DataTech Solutions,Email,Men 18-24,30 days,Email,0.14,"$12,494.00",7.56,Miami,German,631,9863,10,Fashionistas,2021-10-06
280,NexGen Systems,Display,Men 25-34,60 days,Instagram,0.02,"$11,640.00",6.62,Los Angeles,German,560,1229,8,Health & Wellness,2021-10-07
281,NexGen Systems,Search,Women 25-34,60 days,Instagram,0.01,"$8,340.00",3.9,Houston,Mandarin,570,8066,5,Health & Wellness,2021-10-08
282,Alpha Innovations,Display,Women 25-34,60 days,Email,0.11,"$10,909.00",6.21,Los Angeles,French,921,2726,2,Outdoor Adventurers,2021-10-09
283,DataTech Solutions,Email,All Ages,60 days,YouTube,0.05,"$12,008.00",3.01,New York,Mandarin,262,8773,5,Tech Enthusiasts,2021-10-10
284,NexGen Systems,Email,Women 25-34,45 days,Instagram,0.15,"$15,178.00",7.68,Chicago,English,294,9365,4,Health & Wellness,2021-10-11
285,Innovate Industries,Search,Women 35-44,30 days,YouTube,0.02,"$8,493.00",6.92,Houston,Spanish,257,7802,1,Health & Wellness,2021-10-12
286,TechCorp,Email,Women 35-44,45 days,YouTube,0.06,"$11,813.00",6.03,Miami,German,441,6520,6,Fashionistas,2021-10-13
287,Alpha Innovations,Influencer,All Ages,45 days,Instagram,0.14,"$11,491.00",7.08,Chicago,Spanish,433,8276,7,Outdoor Adventurers,2021-10-14
288,Innovate Industries,Email,Men 18-24,60 days,Google Ads,0.05,"$13,976.00",5.28,Chicago,German,554,8163,4,Outdoor Adventurers,2021-10-15
289,Alpha Innovations,Search,Men 25-34,30 days,Google Ads,0.02,"$6,300.00",4.47,Houston,French,704,4780,4,Outdoor Adventurers,2021-10-16
290,TechCorp,Search,Women 35-44,60 days,Instagram,0.04,"$9,263.00",5.88,Houston,Spanish,399,8595,4,Health & Wellness,2021-10-17
291,DataTech Solutions,Display,Men 25-34,15 days,Facebook,0.05,"$6,609.00",2.27,New York,German,664,4193,4,Foodies,2021-10-18
292,Innovate Industries,Search,Women 35-44,60 days,Website,0.04,"$5,037.00",4.3,Los Angeles,English,784,9745,1,Tech Enthusiasts,2021-10-19
293,Innovate Industries,Email,Men 25-34,15 days,Facebook,0.04,"$18,537.00",2.25,Chicago,Mandarin,697,5523,6,Outdoor Adventurers,2021-10-20
294,TechCorp,Social Media,Women 25-34,30 days,Website,0.12,"$14,238.00",4.53,New York,English,552,1050,6,Foodies,2021-10-21
295,DataTech Solutions,Display,Men 18-24,60 days,Website,0.05,"$14,949.00",2.09,Los Angeles,German,200,2467,8,Tech Enthusiasts,2021-10-22
296,Innovate Industries,Influencer,Women 25-34,45 days,YouTube,0.06,"$6,243.00",5.09,Houston,German,924,5798,8,Health & Wellness,2021-10-23
297,Alpha Innovations,Display,All Ages,30 days,Instagram,0.05,"$12,470.00",7.2,Los Angeles,Spanish,247,4962,10,Outdoor Adventurers,2021-10-24
298,TechCorp,Display,Men 25-34,15 days,Google Ads,0.06,"$14,236.00",5.67,Chicago,English,801,3054,4,Fashionistas,2021-10-25
299,DataTech Solutions,Display,Men 25-34,60 days,Email,0.02,"$18,677.00",3.71,Los Angeles,Mandarin,334,1647,1,Foodies,2021-10-26
300,Innovate Industries,Social Media,All Ages,60 days,Email,0.06,"$17,986.00",7.99,Chicago,German,199,8846,10,Tech Enthusiasts,2021-10-27
301,Alpha Innovations,Social Media,Women 25-34,15 days,Google Ads,0.07,"$11,553.00",6.05,New York,Mandarin,420,3838,1,Health & Wellness,2021-10-28
302,Alpha Innovations,Display,Women 25-34,60 days,Website,0.02,"$10,856.00",6.46,Houston,French,406,6117,6,Fashionistas,2021-10-29
303,Innovate Industries,Email,Men 18-24,30 days,Google Ads,0.12,"$14,564.00",6.35,Houston,Mandarin,771,3901,2,Foodies,2021-10-30
304,TechCorp,Email,Men 25-34,30 days,Facebook,0.03,"$7,215.00",6.82,New York,Spanish,586,7959,2,Health & Wellness,2021-10-31
305,DataTech Solutions,Search,Women 25-34,15 days,Google Ads,0.1,"$14,291.00",2.94,Los Angeles,German,872,6875,7,Tech Enthusiasts,2021-11-01
306,DataTech Solutions,Display,Men 18-24,15 days,YouTube,0.09,"$5,189.00",4.71,Miami,English,845,2395,9,Health & Wellness,2021-11-02
307,Alpha Innovations,Display,Women 25-34,30 days,YouTube,0.03,"$8,249.00",6.02,New York,English,566,9149,10,Tech Enthusiasts,2021-11-03
308,Innovate Industries,Email,Men 18-24,45 days,Facebook,0.14,"$14,830.00",7.55,Los Angeles,Spanish,858,8551,1,Tech Enthusiasts,2021-11-04
309,Innovate Industries,Display,Women 35-44,30 days,Website,0.1,"$5,187.00",5.4,Miami,Mandarin,254,2409,8,Health & Wellness,2021-11-05
310,NexGen Systems,Display,All Ages,30 days,Website,0.12,"$6,813.00",5.59,Houston,Spanish,803,2031,3,Foodies,2021-11-06
311,Innovate Industries,Search,All Ages,60 days,Instagram,0.04,"$15,776.00",3.0,Houston,Spanish,325,5452,3,Outdoor Adventurers,2021-11-07
312,Innovate Industries,Social Media,Men 18-24,15 days,Instagram,0.06,"$7,059.00",2.34,Los Angeles,Mandarin,695,4167,4,Tech Enthusiasts,2021-11-08
313,DataTech Solutions,Influencer,Women 25-34,45 days,Instagram,0.11,"$5,829.00",7.9,Chicago,German,195,8154,9,Tech Enthusiasts,2021-11-09
314,TechCorp,Display,All Ages,45 days,Google Ads,0.09,"$8,756.00",4.02,Houston,French,513,6124,9,Health & Wellness,2021-11-10
315,TechCorp,Email,All Ages,60 days,Website,0.14,"$13,515.00",5.54,Los Angeles,Spanish,645,1813,2,Health & Wellness,2021-11-11
316,NexGen Systems,Social Media,Women 35-44,60 days,Website,0.1,"$11,573.00",3.89,Chicago,German,439,1258,1,Foodies,2021-11-12
317,NexGen Systems,Social Media,Women 25-34,45 days,Instagram,0.02,"$18,073.00",4.1,New York,English,737,7217,5,Outdoor Adventurers,2021-11-13
318,Innovate Industries,Social Media,Men 18-24,45 days,Website,0.06,"$10,446.00",2.69,Chicago,French,568,2153,8,Tech Enthusiasts,2021-11-14
319,Innovate Industries,Influencer,Women 25-34,45 days,Email,0.15,"$10,042.00",4.24,Los Angeles,English,458,5007,7,Fashionistas,2021-11-15
320,Alpha Innovations,Email,Men 25-34,45 days,YouTube,0.05,"$16,416.00",7.45,New York,French,233,6820,1,Fashionistas,2021-11-16
321,TechCorp,Search,Men 18-24,45 days,Email,0.13,"$15,863.00",2.46,New York,German,652,3790,8,Health & Wellness,2021-11-17
322,DataTech Solutions,Display,Women 25-34,30 days,Email,0.02,"$5,720.00",3.2,Chicago,English,568,5613,6,Foodies,2021-11-18
323,TechCorp,Email,Men 18-24,30 days,Website,0.09,"$18,371.00",7.02,Chicago,Spanish,515,1957,1,Fashionistas,2021-11-19
324,NexGen Systems,Email,Men 25-34,60 days,Instagram,0.08,"$9,735.00",3.15,Chicago,French,730,1745,5,Outdoor Adventurers,2021-11-20
325,TechCorp,Display,All Ages,60 days,Email,0.06,"$14,549.00",3.11,Houston,German,619,4159,1,Health & Wellness,2021-11-21
326,Innovate Industries,Influencer,Women 25-34,15 days,Email,0.13,"$15,540.00",2.51,Los Angeles,Spanish,946,5454,2,Foodies,2021-11-22
327,Alpha Innovations,Email,Men 25-34,30 days,Email,0.03,"$6,398.00",6.12,New York,German,326,7358,4,Fashionistas,2021-11-23
328,TechCorp,Influencer,Men 25-34,30 days,YouTube,0.01,"$8,212.00",5.22,Miami,German,800,6207,9,Health & Wellness,2021-11-24
329,DataTech Solutions,Display,All Ages,30 days,Facebook,0.08,"$10,423.00",5.32,Los Angeles,English,259,7752,7,Fashionistas,2021-11-25
330,Innovate Industries,Influencer,Women 35-44,30 days,Instagram,0.1,"$6,841.00",6.4,Houston,Mandarin,517,1438,9,Health & Wellness,2021-11-26
331,Innovate Industries,Search,Women 35-44,30 days,Email,0.12,"$12,716.00",5.92,Houston,Spanish,130,3442,1,Foodies,2021-11-27
332,NexGen Systems,Influencer,Men 18-24,30 days,Instagram,0.06,"$7,710.00",2.28,Chicago,English,602,2757,8,Outdoor Adventurers,2021-11-28
333,Innovate Industries,Display,Women 35-44,30 days,Google Ads,0.13,"$18,752.00",5.27,Houston,English,474,8594,7,Foodies,2021-11-29
334,NexGen Systems,Influencer,Women 25-34,60 days,Instagram,0.04,"$11,848.00",4.99,Los Angeles,English,563,5704,7,Fashionistas,2021-11-30
335,Innovate Industries,Search,Women 35-44,15 days,YouTube,0.05,"$5,040.00",7.66,New York,English,285,1599,2,Tech Enthusiasts,2021-12-01
336,Innovate Industries,Social Media,All Ages,15 days,Facebook,0.07,"$19,395.00",4.14,Los Angeles,English,282,6235,9,Foodies,2021-12-02
337,DataTech Solutions,Influencer,Men 25-34,60 days,Website,0.02,"$6,130.00",3.92,Houston,French,497,2308,8,Foodies,2021-12-03
338,Alpha Innovations,Social Media,Women 35-44,15 days,Email,0.02,"$11,045.00",7.34,New York,French,577,3950,8,Health & Wellness,2021-12-04
339,TechCorp,Display,Men 18-24,30 days,Website,0.08,"$8,527.00",4.39,Chicago,German,902,2391,2,Foodies,2021-12-05
340,DataTech Solutions,Display,Women 25-34,30 days,Website,0.13,"$9,037.00",2.59,Miami,Spanish,443,5607,7,Tech Enthusiasts,2021-12-06
341,Innovate Industries,Influencer,Women 25-34,30 days,Facebook,0.01,"$9,524.00",4.16,Chicago,German,199,7575,4,Outdoor Adventurers,2021-12-07
342,DataTech Solutions,Search,Men 25-34,15 days,Instagram,0.07,"$5,467.00",4.25,Miami,German,531,3279,5,Foodies,2021-12-08
343,DataTech Solutions,Social Media,Women 35-44,30 days,Email,0.02,"$10,894.00",2.15,Chicago,English,788,2068,6,Health & Wellness,2021-12-09
344,Innovate Industries,Display,All Ages,60 days,Email,0.02,"$8,583.00",5.82,Los Angeles,German,480,2818,9,Foodies,2021-12-10
345,Alpha Innovations,Email,All Ages,60 days,Website,0.03,"$16,700.00",5.59,Houston,German,819,8035,1,Outdoor Adventurers,2021-12-11
346,TechCorp,Email,Women 35-44,30 days,Google Ads,0.13,"$16,452.00",6.59,Miami,French,747,1720,3,Outdoor Adventurers,2021-12-12
347,Innovate Industries,Email,All Ages,30 days,YouTube,0.1,"$15,069.00",7.77,Los Angeles,French,471,9996,6,Tech Enthusiasts,2021-12-13
348,DataTech Solutions,Display,Men 18-24,30 days,Website,0.03,"$13,272.00",7.41,Miami,French,363,4534,3,Foodies,2021-12-14
349,TechCorp,Email,Men 18-24,15 days,Facebook,0.07,"$19,675.00",4.13,Miami,English,388,6982,2,Outdoor Adventurers,2021-12-15
350,TechCorp,Email,Men 18-24,60 days,Website,0.04,"$10,541.00",5.55,Chicago,English,512,7904,1,Foodies,2021-12-16
351,Alpha Innovations,Social Media,Women 35-44,45 days,Email,0.13,"$10,946.00",4.63,Miami,Spanish,942,1368,6,Fashionistas,2021-12-17
352,NexGen Systems,Influencer,Men 25-34,15 days,Instagram,0.08,"$8,298.00",7.59,Los Angeles,English,206,6491,6,Tech Enthusiasts,2021-12-18
353,DataTech Solutions,Social Media,Women 25-34,15 days,YouTube,0.13,"$15,499.00",2.4,Los Angeles,English,995,9222,10,Health & Wellness,2021-12-19
354,Innovate Industries,Search,Men 18-24,30 days,YouTube,0.03,"$16,232.00",3.75,New York,German,453,8552,5,Outdoor Adventurers,2021-12-20
355,TechCorp,Influencer,Women 35-44,15 days,Website,0.04,"$7,495.00",5.4,New York,French,978,8369,4,Tech Enthusiasts,2021-12-21
356,NexGen Systems,Email,Women 25-34,45 days,Facebook,0.06,"$11,373.00",6.38,Houston,French,988,9052,10,Foodies,2021-12-22
357,Innovate Industries,Social Media,All Ages,15 days,YouTube,0.11,"$13,928.00",3.44,New York,French,150,5057,9,Foodies,2021-12-23
358,DataTech Solutions,Email,Men 25-34,15 days,Google Ads,0.12,"$13,130.00",3.46,Chicago,German,474,5089,9,Health & Wellness,2021-12-24
359,NexGen Systems,Email,All Ages,60 days,Instagram,0.08,"$17,853.00",4.05,Los Angeles,Spanish,639,6050,3,Tech Enthusiasts,2021-12-25
360,DataTech Solutions,Social Media,Men 25-34,15 days,Google Ads,0.1,"$15,918.00",4.28,Miami,Spanish,699,8981,4,Foodies,2021-12-26
361,DataTech Solutions,Search,Women 25-34,45 days,Instagram,0.13,"$10,476.00",3.0,Miami,English,647,5774,8,Outdoor Adventurers,2021-12-27
362,TechCorp,Influencer,Men 25-34,60 days,Facebook,0.03,"$14,552.00",4.45,Los Angeles,English,171,4499,2,Fashionistas,2021-12-28
363,Innovate Industries,Social Media,Women 25-34,15 days,Facebook,0.03,"$5,487.00",7.73,New York,Spanish,290,6655,5,Foodies,2021-12-29
364,NexGen Systems,Social Media,All Ages,30 days,Google Ads,0.08,"$19,702.00",7.57,Chicago,French,710,3708,2,Foodies,2021-12-30
365,DataTech Solutions,Social Media,Women 25-34,60 days,Email,0.12,"$12,050.00",3.59,Houston,English,679,3627,3,Tech Enthusiasts,2021-12-31
366,Alpha Innovations,Social Media,All Ages,60 days,Facebook,0.07,"$15,748.00",7.14,New York,Mandarin,326,6464,10,Health & Wellness,2021-01-01
367,Alpha Innovations,Email,Men 25-34,45 days,Google Ads,0.05,"$18,419.00",5.13,Houston,Mandarin,238,3615,5,Foodies,2021-01-02
368,DataTech Solutions,Influencer,Men 18-24,15 days,Facebook,0.15,"$9,913.00",3.57,New York,Mandarin,309,8560,3,Foodies,2021-01-03
369,Innovate Industries,Influencer,Men 18-24,45 days,Instagram,0.09,"$9,187.00",3.75,Houston,Spanish,969,4620,1,Tech Enthusiasts,2021-01-04
370,TechCorp,Social Media,Women 35-44,45 days,Email,0.12,"$12,157.00",7.61,New York,German,901,7766,9,Fashionistas,2021-01-05
371,Alpha Innovations,Display,All Ages,30 days,Website,0.08,"$7,789.00",3.37,Houston,English,636,1287,6,Tech Enthusiasts,2021-01-06
372,TechCorp,Email,Men 25-34,30 days,Email,0.09,"$14,392.00",6.94,Chicago,German,849,3258,5,Tech Enthusiasts,2021-01-07
373,Alpha Innovations,Search,Men 18-24,30 days,Google Ads,0.14,"$14,255.00",3.96,Houston,French,318,7567,8,Tech Enthusiasts,2021-01-08
374,Alpha Innovations,Search,Women 25-34,30 days,Email,0.05,"$18,926.00",5.66,New York,French,846,4907,1,Fashionistas,2021-01-09
375,TechCorp,Influencer,Women 35-44,30 days,Website,0.11,"$17,286.00",2.18,Chicago,Mandarin,957,6429,5,Health & Wellness,2021-01-10
376,NexGen Systems,Social Media,Women 25-34,30 days,Facebook,0.09,"$9,309.00",4.27,Miami,Mandarin,289,9828,1,Tech Enthusiasts,2021-01-11
377,NexGen Systems,Social Media,Men 18-24,45 days,Facebook,0.11,"$5,188.00",4.75,Chicago,German,471,4732,1,Tech Enthusiasts,2021-01-12
378,NexGen Systems,Social Media,Women 25-34,60 days,Google Ads,0.02,"$12,282.00",4.65,Houston,French,791,9225,5,Outdoor Adventurers,2021-01-13
379,NexGen Systems,Email,Women 35-44,45 days,Google Ads,0.03,"$18,162.00",6.87,Miami,Mandarin,887,7542,3,Tech Enthusiasts,2021-01-14
380,Alpha Innovations,Display,All Ages,60 days,YouTube,0.04,"$13,380.00",5.75,New York,German,146,8829,3,Outdoor Adventurers,2021-01-15
381,Innovate Industries,Influencer,Men 25-34,45 days,Instagram,0.05,"$7,519.00",3.42,Chicago,German,735,7427,9,Fashionistas,2021-01-16
382,Innovate Industries,Email,Men 25-34,15 days,Google Ads,0.1,"$8,434.00",3.53,Los Angeles,English,202,9587,6,Health & Wellness,2021-01-17
383,TechCorp,Email,Women 25-34,15 days,Instagram,0.04,"$8,451.00",3.44,Los Angeles,Spanish,829,6830,8,Foodies,2021-01-18
384,TechCorp,Social Media,Women 25-34,45 days,YouTube,0.04,"$17,141.00",6.74,New York,French,134,6143,10,Tech Enthusiasts,2021-01-19
385,TechCorp,Influencer,Men 25-34,60 days,Facebook,0.03,"$5,287.00",7.55,New York,Mandarin,335,1711,6,Fashionistas,2021-01-20
386,Alpha Innovations,Email,Women 25-34,60 days,Facebook,0.15,"$10,994.00",2.27,Los Angeles,Mandarin,512,2323,4,Foodies,2021-01-21
387,Alpha Innovations,Search,All Ages,60 days,Instagram,0.08,"$5,599.00",2.81,Houston,English,896,7009,10,Health & Wellness,2021-01-22
388,Innovate Industries,Search,All Ages,60 days,Instagram,0.14,"$16,625.00",7.76,Los Angeles,Mandarin,123,3249,7,Health & Wellness,2021-01-23
389,Alpha Innovations,Email,Women 25-34,45 days,Instagram,0.02,"$12,324.00",6.17,New York,French,727,9864,5,Health & Wellness,2021-01-24
390,Alpha Innovations,Display,Men 25-34,45 days,Email,0.04,"$5,151.00",3.98,Chicago,Spanish,294,1846,8,Outdoor Adventurers,2021-01-25
391,DataTech Solutions,Social Media,Men 25-34,30 days,Instagram,0.02,"$6,405.00",2.97,Miami,German,435,3371,2,Foodies,2021-01-26
392,Alpha Innovations,Email,All Ages,60 days,Facebook,0.09,"$7,704.00",6.26,Houston,French,718,2485,5,Fashionistas,2021-01-27
393,Innovate Industries,Display,Women 25-34,15 days,Facebook,0.07,"$16,130.00",5.83,Miami,English,733,4550,10,Fashionistas,2021-01-28
394,DataTech Solutions,Influencer,Women 25-34,15 days,Facebook,0.03,"$6,204.00",4.06,Chicago,Spanish,454,7764,9,Health & Wellness,2021-01-29
395,Innovate Industries,Display,Women 35-44,45 days,YouTube,0.12,"$13,813.00",4.46,Miami,French,806,3041,9,Outdoor Adventurers,2021-01-30
396,TechCorp,Search,Men 18-24,15 days,YouTube,0.15,"$13,689.00",2.6,Chicago,French,232,8249,5,Tech Enthusiasts,2021-01-31
397,Innovate Industries,Social Media,Women 35-44,30 days,Facebook,0.13,"$17,174.00",7.14,Los Angeles,Spanish,125,9618,5,Tech Enthusiasts,2021-02-01
398,DataTech Solutions,Influencer,Women 25-34,30 days,Email,0.12,"$17,974.00",3.16,Chicago,English,664,1255,8,Fashionistas,2021-02-02
399,TechCorp,Email,Women 35-44,15 days,Google Ads,0.1,"$16,047.00",6.47,Houston,English,259,1993,2,Outdoor Adventurers,2021-02-03
400,DataTech Solutions,Social Media,All Ages,30 days,Website,0.07,"$13,468.00",6.05,Los Angeles,Spanish,868,3888,4,Foodies,2021-02-04
401,TechCorp,Display,All Ages,15 days,Instagram,0.08,"$8,712.00",5.55,Houston,Spanish,824,6420,7,Health & Wellness,2021-02-05
402,Alpha Innovations,Email,All Ages,45 days,Website,0.03,"$17,165.00",2.92,Miami,Mandarin,881,9282,6,Health & Wellness,2021-02-06
403,Innovate Industries,Search,All Ages,60 days,Website,0.05,"$5,918.00",2.15,Los Angeles,French,378,9949,4,Health & Wellness,2021-02-07
404,TechCorp,Social Media,All Ages,30 days,YouTube,0.12,"$13,641.00",7.69,New York,English,834,6836,7,Outdoor Adventurers,2021-02-08
405,DataTech Solutions,Display,Men 18-24,60 days,Instagram,0.12,"$7,388.00",4.87,Miami,German,709,5657,3,Tech Enthusiasts,2021-02-09
406,DataTech Solutions,Display,Women 25-34,45 days,YouTube,0.02,"$6,641.00",3.14,Houston,English,696,5458,5,Fashionistas,2021-02-10
407,NexGen Systems,Influencer,Women 35-44,30 days,Email,0.13,"$19,269.00",2.15,Chicago,Spanish,239,7346,10,Fashionistas,2021-02-11
408,DataTech Solutions,Search,Women 35-44,30 days,YouTube,0.04,"$17,299.00",7.91,Houston,German,890,5009,6,Fashionistas,2021-02-12
409,Innovate Industries,Social Media,Men 25-34,15 days,YouTube,0.09,"$5,816.00",4.64,Houston,German,147,1629,9,Outdoor Adventurers,2021-02-13
410,DataTech Solutions,Search,Women 25-34,45 days,Website,0.15,"$17,201.00",5.32,Houston,Mandarin,849,6430,7,Foodies,2021-02-14
411,NexGen Systems,Display,Men 18-24,30 days,YouTube,0.03,"$18,611.00",6.78,Los Angeles,Spanish,412,8230,1,Health & Wellness,2021-02-15
412,NexGen Systems,Email,Women 25-34,45 days,Website,0.03,"$7,139.00",5.68,Houston,Mandarin,118,6941,1,Foodies,2021-02-16
413,TechCorp,Display,All Ages,30 days,YouTube,0.01,"$10,699.00",6.43,New York,German,525,2143,9,Fashionistas,2021-02-17
414,NexGen Systems,Influencer,Men 18-24,45 days,YouTube,0.06,"$19,526.00",7.14,New York,Mandarin,294,6179,6,Fashionistas,2021-02-18
415,NexGen Systems,Search,Women 35-44,30 days,Google Ads,0.07,"$5,576.00",7.97,Chicago,Mandarin,609,2349,10,Foodies,2021-02-19
416,Innovate Industries,Email,Men 25-34,15 days,Google Ads,0.04,"$6,934.00",4.98,Chicago,German,649,1416,7,Foodies,2021-02-20
417,TechCorp,Influencer,Men 18-24,60 days,Email,0.01,"$9,077.00",4.4,Los Angeles,Mandarin,860,6874,4,Tech Enthusiasts,2021-02-21
418,DataTech Solutions,Search,Men 25-34,15 days,YouTube,0.09,"$5,702.00",2.32,Los Angeles,English,833,2831,10,Foodies,2021-02-22
419,Innovate Industries,Social Media,Women 35-44,45 days,Facebook,0.02,"$10,459.00",5.34,Los Angeles,English,642,9515,2,Foodies,2021-02-23
420,DataTech Solutions,Email,Women 35-44,45 days,Instagram,0.1,"$9,480.00",6.55,Miami,Spanish,908,6026,2,Foodies,2021-02-24
421,NexGen Systems,Social Media,Men 18-24,30 days,Email,0.14,"$6,041.00",4.4,New York,Mandarin,578,6558,6,Foodies,2021-02-25
422,Alpha Innovations,Email,Men 25-34,30 days,Email,0.1,"$9,036.00",2.76,Los Angeles,Mandarin,140,6245,7,Health & Wellness,2021-02-26
423,DataTech Solutions,Display,Men 25-34,30 days,Facebook,0.01,"$6,772.00",4.39,Houston,German,540,2667,7,Health & Wellness,2021-02-27
424,Alpha Innovations,Email,Men 25-34,30 days,Email,0.07,"$17,735.00",6.6,Miami,English,124,2072,10,Outdoor Adventurers,2021-02-28
425,TechCorp,Search,Men 18-24,30 days,Google Ads,0.13,"$19,742.00",4.21,Houston,Mandarin,942,7863,5,Health & Wellness,2021-03-01
426,Innovate Industries,Display,Men 18-24,45 days,Instagram,0.11,"$19,796.00",6.99,Los Angeles,Mandarin,562,2883,1,Fashionistas,2021-03-02
427,NexGen Systems,Display,Men 18-24,45 days,Website,0.02,"$16,495.00",5.5,Miami,Spanish,466,6126,8,Outdoor Adventurers,2021-03-03
428,NexGen Systems,Email,Women 25-34,30 days,Website,0.07,"$11,648.00",4.73,Los Angeles,Mandarin,184,9142,8,Fashionistas,2021-03-04
429,Alpha Innovations,Social Media,Men 18-24,30 days,Facebook,0.15,"$14,521.00",2.05,New York,German,991,2511,2,Foodies,2021-03-05
430,NexGen Systems,Display,Women 35-44,45 days,Instagram,0.08,"$10,618.00",7.34,New York,French,671,8433,10,Health & Wellness,2021-03-06
431,Alpha Innovations,Email,Women 25-34,30 days,Website,0.07,"$9,482.00",7.25,Los Angeles,German,321,1043,10,Tech Enthusiasts,2021-03-07
432,TechCorp,Search,All Ages,45 days,YouTube,0.11,"$14,929.00",3.46,Miami,German,132,4453,1,Outdoor Adventurers,2021-03-08
433,Innovate Industries,Display,Men 25-34,60 days,Google Ads,0.01,"$7,700.00",3.46,Los Angeles,Mandarin,123,9889,8,Foodies,2021-03-09
434,Alpha Innovations,Social Media,Men 25-34,60 days,Website,0.08,"$9,786.00",6.26,New York,German,147,5764,9,Foodies,2021-03-10
435,Alpha Innovations,Influencer,All Ages,30 days,Facebook,0.05,"$13,888.00",2.63,Miami,English,469,9923,2,Fashionistas,2021-03-11
436,NexGen Systems,Social Media,All Ages,45 days,Email,0.09,"$12,790.00",5.06,Los Angeles,German,285,4009,1,Foodies,2021-03-12
437,DataTech Solutions,Email,Men 18-24,15 days,Google Ads,0.05,"$9,164.00",5.7,Miami,Mandarin,377,1659,5,Health & Wellness,2021-03-13
438,Innovate Industries,Display,All Ages,30 days,YouTube,0.06,"$12,729.00",3.44,Houston,French,299,2099,2,Tech Enthusiasts,2021-03-14
439,NexGen Systems,Social Media,Women 25-34,60 days,Website,0.09,"$19,698.00",4.88,Los Angeles,Spanish,963,5724,3,Fashionistas,2021-03-15
440,Alpha Innovations,Search,Men 25-34,45 days,Website,0.06,"$5,680.00",7.68,Los Angeles,Spanish,279,6815,6,Outdoor Adventurers,2021-03-16
441,Innovate Industries,Search,Men 25-34,45 days,Facebook,0.11,"$12,492.00",2.55,New York,English,656,2093,6,Fashionistas,2021-03-17
442,NexGen Systems,Influencer,Women 35-44,30 days,Email,0.15,"$6,292.00",2.64,Chicago,Mandarin,466,8207,8,Foodies,2021-03-18
443,TechCorp,Influencer,Men 18-24,30 days,Facebook,0.07,"$19,217.00",7.39,Miami,German,789,5994,10,Tech Enthusiasts,2021-03-19
444,NexGen Systems,Influencer,Women 25-34,45 days,Email,0.12,"$15,432.00",4.9,Houston,German,520,5179,2,Fashionistas,2021-03-20
445,TechCorp,Search,All Ages,45 days,Instagram,0.07,"$8,593.00",7.13,New York,English,200,6668,5,Foodies,2021-03-21
446,Alpha Innovations,Search,All Ages,30 days,Facebook,0.09,"$9,723.00",5.1,Los Angeles,Mandarin,577,9201,9,Tech Enthusiasts,2021-03-22
447,Alpha Innovations,Email,All Ages,15 days,Google Ads,0.11,"$19,974.00",5.82,Houston,Spanish,582,2461,10,Outdoor Adventurers,2021-03-23
448,TechCorp,Influencer,Women 25-34,60 days,Website,0.04,"$18,780.00",3.56,Miami,Mandarin,221,4514,8,Tech Enthusiasts,2021-03-24
449,Innovate Industries,Influencer,Women 35-44,60 days,YouTube,0.14,"$16,594.00",4.69,Miami,Mandarin,773,3018,3,Fashionistas,2021-03-25
450,NexGen Systems,Search,Men 18-24,15 days,Facebook,0.11,"$17,226.00",4.09,Miami,Spanish,331,5699,6,Foodies,2021-03-26
451,Alpha Innovations,Social Media,Men 18-24,15 days,Instagram,0.11,"$15,664.00",3.76,Chicago,German,316,9996,5,Fashionistas,2021-03-27
452,TechCorp,Email,Men 18-24,15 days,Website,0.04,"$10,403.00",5.87,Los Angeles,Mandarin,301,5921,8,Health & Wellness,2021-03-28
453,Alpha Innovations,Influencer,Women 25-34,60 days,YouTube,0.02,"$9,712.00",4.19,Miami,French,116,6836,7,Tech Enthusiasts,2021-03-29
454,Alpha Innovations,Social Media,Women 35-44,15 days,Google Ads,0.12,"$17,117.00",7.41,Houston,English,987,9000,4,Foodies,2021-03-30
455,Alpha Innovations,Influencer,Women 25-34,60 days,Google Ads,0.06,"$13,593.00",5.72,Los Angeles,English,690,1698,3,Foodies,2021-03-31
456,TechCorp,Email,Men 18-24,15 days,Instagram,0.05,"$18,167.00",3.16,Los Angeles,French,917,8122,6,Outdoor Adventurers,2021-04-01
457,Alpha Innovations,Search,Men 18-24,60 days,Facebook,0.12,"$11,054.00",4.37,Chicago,German,221,5287,1,Foodies,2021-04-02
458,Innovate Industries,Search,Women 35-44,60 days,YouTube,0.02,"$6,728.00",6.29,Chicago,Spanish,856,7061,8,Outdoor Adventurers,2021-04-03
459,NexGen Systems,Influencer,Women 35-44,60 days,YouTube,0.03,"$10,914.00",3.92,Los Angeles,German,933,3982,8,Tech Enthusiasts,2021-04-04
460,DataTech Solutions,Email,Women 35-44,15 days,Google Ads,0.11,"$17,313.00",5.81,Houston,French,104,6210,5,Foodies,2021-04-05
461,Innovate Industries,Display,Women 35-44,15 days,YouTube,0.12,"$11,095.00",3.59,New York,Spanish,988,1689,5,Outdoor Adventurers,2021-04-06
462,Alpha Innovations,Email,Women 35-44,60 days,Google Ads,0.13,"$5,130.00",5.15,Houston,Spanish,860,6784,5,Health & Wellness,2021-04-07
463,TechCorp,Social Media,Men 25-34,60 days,YouTube,0.02,"$13,482.00",3.17,Houston,English,794,7657,6,Tech Enthusiasts,2021-04-08
464,Innovate Industries,Display,Women 35-44,30 days,YouTube,0.01,"$18,932.00",2.64,New York,English,447,9257,3,Health & Wellness,2021-04-09
465,TechCorp,Social Media,Women 25-34,15 days,Facebook,0.05,"$16,093.00",6.53,New York,Mandarin,610,5628,10,Fashionistas,2021-04-10
466,Alpha Innovations,Influencer,Women 25-34,30 days,Facebook,0.11,"$14,899.00",2.75,New York,French,666,6237,4,Fashionistas,2021-04-11
467,Alpha Innovations,Influencer,All Ages,45 days,Facebook,0.1,"$8,127.00",6.95,New York,Spanish,330,1955,7,Fashionistas,2021-04-12
468,DataTech Solutions,Email,Women 25-34,60 days,Website,0.12,"$10,839.00",6.05,Chicago,French,816,6414,6,Foodies,2021-04-13
469,TechCorp,Social Media,Women 25-34,60 days,YouTube,0.02,"$16,218.00",7.11,New York,German,176,5609,4,Foodies,2021-04-14
470,DataTech Solutions,Email,Men 25-34,60 days,Instagram,0.14,"$7,791.00",2.26,Miami,Mandarin,228,9197,8,Foodies,2021-04-15
471,Innovate Industries,Display,Women 25-34,30 days,YouTube,0.02,"$17,214.00",6.81,New York,French,818,2267,1,Outdoor Adventurers,2021-04-16
472,DataTech Solutions,Social Media,Women 25-34,45 days,Instagram,0.12,"$12,922.00",7.0,Houston,Mandarin,970,3985,3,Tech Enthusiasts,2021-04-17
473,Innovate Industries,Email,Men 18-24,15 days,Instagram,0.15,"$14,159.00",4.71,Chicago,German,518,4366,10,Health & Wellness,2021-04-18
474,TechCorp,Email,Men 25-34,60 days,Instagram,0.12,"$5,428.00",2.82,Houston,English,292,6313,4,Health & Wellness,2021-04-19
475,Innovate Industries,Influencer,All Ages,30 days,Email,0.03,"$9,830.00",3.83,New York,Spanish,826,4248,10,Fashionistas,2021-04-20
476,Innovate Industries,Search,Women 35-44,45 days,YouTube,0.02,"$17,467.00",5.48,Houston,Mandarin,120,8525,3,Tech Enthusiasts,2021-04-21
477,Innovate Industries,Email,Men 25-34,45 days,Website,0.13,"$16,475.00",5.56,Miami,German,652,2439,4,Foodies,2021-04-22
478,TechCorp,Influencer,All Ages,15 days,Instagram,0.06,"$15,682.00",4.04,Los Angeles,English,275,9717,3,Health & Wellness,2021-04-23
479,Innovate Industries,Influencer,Women 25-34,45 days,Instagram,0.03,"$11,186.00",2.47,Miami,Mandarin,201,1215,1,Fashionistas,2021-04-24
480,Innovate Industries,Search,Women 25-34,15 days,Email,0.11,"$14,889.00",4.65,Chicago,Mandarin,455,8222,8,Health & Wellness,2021-04-25
481,Innovate Industries,Influencer,Women 35-44,60 days,Instagram,0.09,"$10,706.00",6.57,Chicago,Mandarin,244,2542,4,Health & Wellness,2021-04-26
482,Innovate Industries,Search,Men 25-34,15 days,Facebook,0.03,"$5,757.00",3.1,Miami,Mandarin,538,5801,1,Outdoor Adventurers,2021-04-27
483,NexGen Systems,Email,Men 25-34,15 days,Email,0.09,"$18,035.00",7.03,Miami,English,147,6930,4,Tech Enthusiasts,2021-04-28
484,NexGen Systems,Influencer,Men 25-34,60 days,Google Ads,0.03,"$5,234.00",6.93,Miami,Spanish,149,6815,7,Outdoor Adventurers,2021-04-29
485,NexGen Systems,Search,Men 18-24,60 days,YouTube,0.06,"$12,495.00",4.15,New York,Spanish,753,8752,10,Health & Wellness,2021-04-30
486,Alpha Innovations,Display,Women 35-44,45 days,Instagram,0.08,"$8,241.00",7.63,Los Angeles,English,368,4360,4,Outdoor Adventurers,2021-05-01
487,DataTech Solutions,Email,Men 18-24,15 days,Email,0.14,"$19,562.00",6.35,Chicago,Mandarin,194,9417,10,Foodies,2021-05-02
488,NexGen Systems,Display,Women 25-34,30 days,Facebook,0.05,"$19,456.00",7.56,Los Angeles,German,172,2838,10,Health & Wellness,2021-05-03
489,NexGen Systems,Social Media,Men 25-34,45 days,YouTube,0.13,"$10,420.00",3.55,Los Angeles,English,740,7051,3,Foodies,2021-05-04
490,TechCorp,Social Media,Women 25-34,30 days,Website,0.11,"$17,493.00",6.42,Los Angeles,French,580,6874,2,Foodies,2021-05-05
491,NexGen Systems,Email,Men 18-24,30 days,Instagram,0.07,"$18,686.00",4.32,Chicago,Mandarin,798,6218,9,Foodies,2021-05-06
492,TechCorp,Social Media,Men 18-24,30 days,YouTube,0.08,"$16,765.00",7.85,Miami,Spanish,940,1333,4,Foodies,2021-05-07
493,NexGen Systems,Display,Women 25-34,45 days,Facebook,0.06,"$17,991.00",2.35,Los Angeles,English,325,9848,10,Health & Wellness,2021-05-08
494,DataTech Solutions,Display,Men 25-34,45 days,Facebook,0.05,"$14,481.00",6.74,Miami,Mandarin,637,6228,3,Tech Enthusiasts,2021-05-09
495,DataTech Solutions,Search,Women 35-44,30 days,Email,0.13,"$17,531.00",5.04,Miami,German,736,5551,2,Health & Wellness,2021-05-10
496,NexGen Systems,Influencer,Women 25-34,45 days,Facebook,0.1,"$15,814.00",6.07,Houston,French,305,8942,6,Outdoor Adventurers,2021-05-11
497,DataTech Solutions,Display,All Ages,30 days,Website,0.12,"$14,037.00",3.98,Houston,French,512,5824,6,Foodies,2021-05-12
498,Alpha Innovations,Search,All Ages,60 days,Instagram,0.09,"$14,493.00",3.22,Chicago,Spanish,870,6980,4,Fashionistas,2021-05-13
499,NexGen Systems,Influencer,Men 25-34,45 days,Instagram,0.03,"$19,520.00",5.8,Chicago,Mandarin,702,4794,6,Tech Enthusiasts,2021-05-14
500,TechCorp,Social Media,Women 35-44,60 days,Email,0.06,"$5,538.00",4.79,Houston,English,520,6720,2,Tech Enthusiasts,2021-05-15
